<?xml version="1.0" encoding="UTF-8"?>
<feature
      id="fr.sanofi.fcl4transmart.feature"
      label="Feature"
      version="1.1.0">

   <description url="http://www.example.com/description">
      [Enter Feature Description here.]
   </description>

   <copyright url="http://www.example.com/copyright">
      [Enter Copyright Description here.]
   </copyright>

   <license url="http://www.example.com/license">
      [Enter License Description here.]
   </license>

   <requires>
      <import plugin="org.eclipse.equinox.common" version="3.2.0" match="compatible"/>
      <import plugin="org.eclipse.equinox.registry" version="3.2.0" match="compatible"/>
      <import plugin="org.eclipse.osgi" version="3.2.0" match="compatible"/>
      <import plugin="org.eclipse.swt" version="3.8.0" match="greaterOrEqual"/>
      <import plugin="javax.inject" version="1.0.0" match="greaterOrEqual"/>
      <import plugin="org.eclipse.equinox.security" version="1.1.100" match="greaterOrEqual"/>
      <import plugin="org.eclipse.core.net" version="1.2.200" match="greaterOrEqual"/>
      <import plugin="org.eclipse.equinox.security.win32.x86.source" version="1.0.200" match="greaterOrEqual"/>
      <import plugin="org.eclipse.core.runtime"/>
      <import plugin="org.eclipse.equinox.preferences"/>
      <import plugin="org.eclipse.e4.core.di"/>
      <import plugin="org.eclipse.e4.core.di.extensions"/>
      <import plugin="org.eclipse.e4.core.services"/>
      <import plugin="org.eclipse.e4.ui.di"/>
      <import plugin="org.eclipse.e4.ui.model.workbench"/>
      <import plugin="org.eclipse.e4.ui.services"/>
      <import plugin="org.eclipse.e4.ui.workbench"/>
      <import plugin="org.eclipse.jface"/>
   </requires>

   <plugin
         id="org.eclipse.core.filesystem"
         download-size="0"
         install-size="0"
         version="1.3.200.v20120306-1226"
         unpack="false"/>

   <plugin
         id="fr.sanofi.fcl4transmart"
         download-size="0"
         install-size="0"
         version="1.1.0"
         unpack="false"/>

   <plugin
         id="org.eclipse.core.net"
         download-size="0"
         install-size="0"
         version="1.2.200.v20111202-1616"
         unpack="false"/>

   <plugin
         id="org.eclipse.core.net.win32.x86"
         download-size="0"
         install-size="0"
         version="1.0.100.I20110331-0827"
         fragment="true"
         unpack="false"/>

   <plugin
         id="org.eclipse.equinox.security"
         download-size="0"
         install-size="0"
         version="1.1.100.v20111010-1614"
         unpack="false"/>

   <plugin
         id="org.eclipse.equinox.security.win32.x86"
         download-size="0"
         install-size="0"
         version="1.0.200.v20111010-1614"
         fragment="true"
         unpack="false"/>

</feature>
