<?xml version="1.0" encoding="UTF-8"?>
<feature
      id="fr.sanofi.fcl4transmart.feature"
      label="Feature"
      version="1.1.0">

   <description url="http://www.example.com/description">
      [Enter Feature Description here.]
   </description>

   <copyright url="http://www.example.com/copyright">
      [Enter Copyright Description here.]
   </copyright>

   <license url="http://www.example.com/license">
      [Enter License Description here.]
   </license>

   <requires>
      <import plugin="org.eclipse.swt" version="3.8.0" match="greaterOrEqual"/>
      <import plugin="javax.inject" version="1.0.0" match="greaterOrEqual"/>
      <import plugin="org.eclipse.e4.core.di"/>
      <import plugin="org.eclipse.e4.core.services"/>
      <import plugin="org.eclipse.e4.ui.di"/>
      <import plugin="org.eclipse.e4.ui.model.workbench"/>
      <import plugin="org.eclipse.e4.ui.services"/>
      <import plugin="org.eclipse.e4.ui.workbench"/>
      <import plugin="org.eclipse.jface"/>
   </requires>

   <plugin
         id="org.eclipse.core.filesystem"
         download-size="0"
         install-size="0"
         version="1.3.200.v20120306-1226"
         unpack="false"/>

   <plugin
         id="fr.sanofi.fcl4transmart"
         download-size="0"
         install-size="0"
         version="1.1.0"
         unpack="false"/>

</feature>
